conceptType,conceptUri,skillType,reuseLevel,preferredLabel,status,altLabels,description,broaderConceptUri,broaderConceptPT
KnowledgeSkillCompetence,http://data.europa.eu/esco/skill/001115fb-569f-4ee6-8381-c6807ef2527f,skill/competence,transversal,mostrar iniciativa,released,,"Ser proativo e dar o primeiro passo numa determinada atividade sem esperar pelo que outros digam ou façam.
  ",http://data.europa.eu/esco/skill/91860993-1a8b-4473-91f3-600aa1924bd0,adotar uma abordagem proativa
KnowledgeSkillCompetence,http://data.europa.eu/esco/skill/0171653e-c8e9-4c24-bb86-a4b6fe038f25,skill/competence,transversal,adotar formas de promover a biodiversidade e o bem-estar dos animais,released,,"Adotar comportamentos que ajudem a manter ecossistemas estáveis e a combater a extinção em massa, por exemplo, fazendo escolhas alimentares conscientes que favoreçam a produção de alimentos biológicos e o bem-estar dos animais.
  ",http://data.europa.eu/esco/skill/80cf002a-6586-4db7-9c9a-88325a9a5e1b,aplicar aptidões e competências relacionadas com o ambiente
KnowledgeSkillCompetence,http://data.europa.eu/esco/skill/045f71e6-0699-4169-8a54-9c6b96f3174d,skill/competence,transversal,prestar aconselhamento,released,,"Propor sugestões sobre o melhor plano de ação.
  ",http://data.europa.eu/esco/skill/82463bb1-85d1-4e99-a4ce-08508fc3b2a3,dar apoio a outras pessoas
KnowledgeSkillCompetence,http://data.europa.eu/esco/skill/05aa7c09-46e7-433f-a81b-92841f4551e7,skill/competence,transversal,aceitar críticas e orientações,released,,"Lidar com reações negativas de outras pessoas e reagir abertamente a críticas, tentando identificar os aspetos que podem ser melhorados.
  ",http://data.europa.eu/esco/skill/f5c9eef3-0495-4747-9519-d71a58d252bd,demonstrar disponibilidade para aprender
KnowledgeSkillCompetence,http://data.europa.eu/esco/skill/0b709c64-a57a-4976-86bd-34d2cf34fa4f,skill/competence,transversal,"aplicar conhecimentos de filosofia, ética e religião",released,,"Descobrir e desenvolver uma perspetiva individual sobre o papel, o significado e a finalidade de si próprio, incluindo o que significa viver, morrer e ser humano.
  ",http://data.europa.eu/esco/skill/44ff6716-7d71-4a16-821b-61d10e9e290d,aplicar conhecimentos gerais
KnowledgeSkillCompetence,http://data.europa.eu/esco/skill/0d75a128-bd88-4c1b-b70d-8e963aeb490c,skill/competence,transversal,adotar formas de reduzir a poluição,released,,"Aplicar medidas para reduzir a poluição atmosférica, sonora, luminosa, da água ou do ambiente, por exemplo utilizando transportes públicos, não deixando lixo no ambiente natural e reduzindo as emissões de luz e ruído desnecessárias, especialmente durante a noite.
  ",http://data.europa.eu/esco/skill/80cf002a-6586-4db7-9c9a-88325a9a5e1b,aplicar aptidões e competências relacionadas com o ambiente
KnowledgeSkillCompetence,http://data.europa.eu/esco/skill/113b4428-0a31-4199-8496-070af7854b91,skill/competence,transversal,honrar compromissos,released,,"Executar as tarefas de forma autodisciplinada, confiável e orientada a objetivos.",http://data.europa.eu/esco/skill/14c41899-0224-4cbc-bd8c-e946ada2da87,trabalhar eficazmente
KnowledgeSkillCompetence,http://data.europa.eu/esco/skill/13b4a3d2-abdf-4442-8e52-d7464a58ecbc,skill/competence,transversal,adaptar-se a exigências físicas,released,,"Dar provas de ser capaz de suportar situações de grande stress físico decorrente do trabalho ou de atividades desportivas. Inclui estar de joelhos, de pé ou em corrida durante um longo período ou a trabalhar em condições meteorológicas difíceis, como calor forte, frio e chuva.
  ",http://data.europa.eu/esco/skill/e52389a2-1a05-45b0-8db3-4bda0f0c0b48,responder a circunstâncias físicas
KnowledgeSkillCompetence,http://data.europa.eu/esco/skill/199f7919-5114-41b6-b6a5-41e0e4896ec1,skill/competence,transversal,assumir responsabilidade,released,,"Aceitar responsabilidade pelas decisões e ações profissionais próprias ou por aquelas delegadas noutras pessoas.
  ",http://data.europa.eu/esco/skill/91860993-1a8b-4473-91f3-600aa1924bd0,adotar uma abordagem proativa
KnowledgeSkillCompetence,http://data.europa.eu/esco/skill/19a64e91-bfe3-4c48-9225-3bb1229b12f0,skill/competence,transversal,mostrar determinação,released,,"Demonstrar empenho em fazer algo que é difícil e exige trabalho árduo. Dar provas de determinação movida pelo interesse ou pela apreciação pelo trabalho propriamente dito, na ausência de pressões externas.
  ",http://data.europa.eu/esco/skill/91860993-1a8b-4473-91f3-600aa1924bd0,adotar uma abordagem proativa
KnowledgeSkillCompetence,http://data.europa.eu/esco/skill/19ba11f3-9c99-41fd-a7c9-f77e6a026186,skill/competence,transversal,efetuar cálculos,released,,"Resolver problemas matemáticos para cumprir objetivos relacionados com o trabalho.
  ",http://data.europa.eu/esco/skill/edc72cfe-78a8-4531-b00f-92992a0bb8cb,trabalhar com números e medidas
KnowledgeSkillCompetence,http://data.europa.eu/esco/skill/1d1fedcb-4995-44ac-90f5-f31a157ce512,skill/competence,transversal,gerir situações geradoras de frustração,released,,Manter a calma e reagir de forma construtiva à sua própria raiva ou à de outros ou quando confrontado com obstáculos ou queixas.,http://data.europa.eu/esco/skill/2b2c3254-7f6c-47e2-84f1-aece946fbfae,manter uma atitude positiva
KnowledgeSkillCompetence,http://data.europa.eu/esco/skill/1dabb413-18e8-48ed-a963-44978e67ad32,skill/competence,transversal,calcular probabilidades,released,,"Prever a probabilidade de um resultado com base em cálculos ou na experiência.
  ",http://data.europa.eu/esco/skill/edc72cfe-78a8-4531-b00f-92992a0bb8cb,trabalhar com números e medidas
KnowledgeSkillCompetence,http://data.europa.eu/esco/skill/1ddc021d-d818-4731-904f-842d7491f419,skill/competence,transversal,gerir recursos financeiros e materiais,released,,"Definir um planeamento financeiro eficaz, utilizando crédito, poupanças, investimentos e pensões para concretizar objetivos a curto e a longo prazo, dando provas de sentido crítico na utilização de serviços de aconselhamento financeiro e orientação, comparando os negócios e as ofertas aquando da aquisição de produtos ou serviços e selecionando ativamente produtos de seguros adequados.
  ",http://data.europa.eu/esco/skill/6c6957bf-cf1f-4483-9c7e-1655f251b01a,aplicar aptidões e competências empresariais e financeiras
KnowledgeSkillCompetence,http://data.europa.eu/esco/skill/1fce1197-3a5b-45b7-8797-575cd3b57a01,skill/competence,transversal,demonstrar empenho,released,,"Mostrar vontade de desempenhar tarefas com prontidão, mesmo que sejam difíceis ou desconfortáveis.
  ",http://data.europa.eu/esco/skill/91860993-1a8b-4473-91f3-600aa1924bd0,adotar uma abordagem proativa
KnowledgeSkillCompetence,http://data.europa.eu/esco/skill/20012caa-b63c-4cb9-b2b8-01a1cfdfc1d1,skill/competence,transversal,pensar rapidamente,released,,"Ser capaz de apreender e processar, de forma rápida e exata, os aspetos mais importantes dos factos e as suas ligações.
  ",http://data.europa.eu/esco/skill/fff1d675-c36a-4c12-9cd4-407f21ccd06a,"processar informações, ideias e conceitos"
KnowledgeSkillCompetence,http://data.europa.eu/esco/skill/2aaad52d-599e-4e77-a681-bbc236825821,skill/competence,transversal,avaliar o impacto ambiental do comportamento pessoal,released,,"Adotar, na vida quotidiana, uma mentalidade orientada para a sustentabilidade e refletir sobre a atitude ecológica pessoal e sobre o impacto ambiental do seu comportamento.
  ",http://data.europa.eu/esco/skill/80cf002a-6586-4db7-9c9a-88325a9a5e1b,aplicar aptidões e competências relacionadas com o ambiente
KnowledgeSkillCompetence,http://data.europa.eu/esco/skill/35ebe444-9ece-4fbc-a55d-e99ea37267ae,skill/competence,transversal,gerir critérios qualidade,released,,"Prosseguir a excelência nos processos, produtos e atividades no local de trabalho.",http://data.europa.eu/esco/skill/14c41899-0224-4cbc-bd8c-e946ada2da87,trabalhar eficazmente
KnowledgeSkillCompetence,http://data.europa.eu/esco/skill/409a0245-0e6c-4aac-ba16-0920ecb76a8d,skill/competence,transversal,exercitar auto-reflexão,released,,"Refletir, de forma eficiente, regular e sistemática sobre as ações, o desempenho e os comportamentos próprios, e efetuar os ajustamentos necessários, procurando oportunidades de desenvolvimento profissional para colmatar as lacunas de conhecimentos e práticas em áreas identificadas. avaliar o impacto do próprio desenvolvimento profissional
  ",http://data.europa.eu/esco/skill/f5c9eef3-0495-4747-9519-d71a58d252bd,demonstrar disponibilidade para aprender
KnowledgeSkillCompetence,http://data.europa.eu/esco/skill/429062f1-a958-43ea-83dd-4e1af078c156,skill/competence,transversal,demonstrar curiosidade,released,,"Manifestar um forte interesse pelas inovações e abertura a experiências, procurar assuntos e temas fascinantes, explorar e descobrir novos domínios.",http://data.europa.eu/esco/skill/f5c9eef3-0495-4747-9519-d71a58d252bd,demonstrar disponibilidade para aprender
KnowledgeSkillCompetence,http://data.europa.eu/esco/skill/468135b7-5757-48c3-9509-fde0e13ec5be,skill/competence,transversal,gerir o desenvolvimento pessoal,released,,"Assumir e promover as suas próprias aptidões e competências para progredir no trabalho e na vida privada.
  ",http://data.europa.eu/esco/skill/91860993-1a8b-4473-91f3-600aa1924bd0,adotar uma abordagem proativa
KnowledgeSkillCompetence,http://data.europa.eu/esco/skill/469748ce-051a-407e-9099-0c9415ac2705,skill/competence,transversal,abordar desafios de forma positiva,released,,"Adotar uma atitude positiva e uma abordagem construtiva ao lidar com os desafios.
  ",http://data.europa.eu/esco/skill/2b2c3254-7f6c-47e2-84f1-aece946fbfae,manter uma atitude positiva
KnowledgeSkillCompetence,http://data.europa.eu/esco/skill/4707da90-9cfc-46ca-8de0-38a0b7bfb137,skill/competence,transversal,pensar de forma analítica,released,pensar usando a lógica e o raciocínio | pensar de forma lógica | pensar usando o raciocínio e a lógica,"Apresentar pensamentos com lógica e raciocínio, a fim de identificar os pontos fortes e fracos de soluções alternativas, conclusões ou abordagens a problemas.",http://data.europa.eu/esco/skill/fff1d675-c36a-4c12-9cd4-407f21ccd06a,"processar informações, ideias e conceitos"
KnowledgeSkillCompetence,http://data.europa.eu/esco/skill/49de9958-2aa4-4eef-a89d-fe5d5bcd28c4,skill/competence,transversal,adaptar-se à mudança,released,,Alterar a atitude ou o comportamento de cada pessoa para se adaptar às mudanças no local de trabalho.,http://data.europa.eu/esco/skill/f5c9eef3-0495-4747-9519-d71a58d252bd,demonstrar disponibilidade para aprender
KnowledgeSkillCompetence,http://data.europa.eu/esco/skill/4c3ab565-747c-4db3-8c47-79e8d6f98cf4,skill/competence,transversal,adotar formas de reduzir o impacto negativo do consumo,released,,"Aplicar princípios, políticas e regulamentos que visem a sustentabilidade ambiental, incluindo a redução de resíduos e do consumo de energia e água, a reutilização e reciclagem de produtos e a participação na economia da partilha.
  ",http://data.europa.eu/esco/skill/80cf002a-6586-4db7-9c9a-88325a9a5e1b,aplicar aptidões e competências relacionadas com o ambiente
KnowledgeSkillCompetence,http://data.europa.eu/esco/skill/4c772721-9280-49cb-9988-b6ea3d36b06d,skill/competence,transversal,manter o bem-estar psicológico,released,,"Ser capaz de evitar ameaças ao bem-estar psicológico, através, por exemplo, da utilização de tecnologias digitais, incluindo a manutenção de um equilíbrio saudável entre vida profissional e vida privada.
  ",http://data.europa.eu/esco/skill/3d54fec5-d9cb-45a0-bf8d-ffaf3790a5bb,aplicar aptidões e competências relacionadas com a saúde
KnowledgeSkillCompetence,http://data.europa.eu/esco/skill/4cde32b5-fc2f-4257-a8b9-5b15a67ee3e5,skill/competence,transversal,proteger a saúde dos outros,released,,"Prevenir maus tratos e favorecer a recuperação de familiares e outras pessoas, incluindo respostas adequadas em caso de acidentes como a prestação de primeiros socorros.
  ",http://data.europa.eu/esco/skill/3d54fec5-d9cb-45a0-bf8d-ffaf3790a5bb,aplicar aptidões e competências relacionadas com a saúde
KnowledgeSkillCompetence,http://data.europa.eu/esco/skill/5b46f572-7ced-4efd-b270-a81a164d521c,skill/competence,transversal,moderar debates,released,,"Aplicar técnicas e métodos moderadores para conduzir debates entre duas ou mais pessoas, incluindo em seminários, conferências ou eventos em linha. Garantir que o debate decorre com correção e boa educação.
  ",http://data.europa.eu/esco/skill/6f142deb-03a9-4cd7-94ce-e0f023ae2169,comunicar
KnowledgeSkillCompetence,http://data.europa.eu/esco/skill/5c3ab99d-a3f1-4620-9602-d12d2151a03d,skill/competence,transversal,"aplicar conhecimentos científicos, tecnológicos e de engenharia",released,,"Desenvolver e aplicar uma compreensão do mundo físico e dos seus princípios orientadores, por exemplo, fazendo previsões razoáveis sobre causas e efeitos, concebendo formas de testar essas previsões e efetuando medições com o auxílio de unidades, ferramentas e equipamentos adequados.
  ",http://data.europa.eu/esco/skill/44ff6716-7d71-4a16-821b-61d10e9e290d,aplicar conhecimentos gerais
KnowledgeSkillCompetence,http://data.europa.eu/esco/skill/5c526c52-4f0a-4647-8c51-c91568acebb1,skill/competence,transversal,processar informação espacial,released,,"Ser capaz de fazer uma imagem mental da posição e da relação dos corpos em espaços tridimensionais, desenvolvendo um sentido correto de proporção.
  ",http://data.europa.eu/esco/skill/edc72cfe-78a8-4531-b00f-92992a0bb8cb,trabalhar com números e medidas
KnowledgeSkillCompetence,http://data.europa.eu/esco/skill/5ca953f7-541d-4f67-bc55-7721348366cf,skill/competence,transversal,respeitar a diversidade de valores e normas culturais,released,,"Demonstrar competência intercultural e respeito pelos valores e normas culturais de outras pessoas. Mostrar tolerância e apreciação pelos valores e normas diferentes de pessoas e culturas diferentes, forjados em circunstâncias distintas ou em momentos e locais distintos.
  ",http://data.europa.eu/esco/skill/d6e97b91-b75d-45f5-8566-667798957b0f,aplicar aptidões e competências cívicas
KnowledgeSkillCompetence,http://data.europa.eu/esco/skill/5cd1930c-278d-4929-b413-27352f5b3687,skill/competence,transversal,lidar com situações de incerteza,released,,"Tolerar situações de incerteza e trabalhar de forma construtiva em circunstâncias inesperadas e imprevisíveis.
  ",http://data.europa.eu/esco/skill/2b2c3254-7f6c-47e2-84f1-aece946fbfae,manter uma atitude positiva
KnowledgeSkillCompetence,http://data.europa.eu/esco/skill/609a8ac1-9d29-4237-9886-596dbbe7ca8a,skill/competence,transversal,falar perante uma audiência,released,,"Falar de forma estruturada e deliberada perante um grupo de ouvintes para os informar, influenciar ou divertir.
  ",http://data.europa.eu/esco/skill/6f142deb-03a9-4cd7-94ce-e0f023ae2169,comunicar
KnowledgeSkillCompetence,http://data.europa.eu/esco/skill/60c78287-22eb-4103-9c8c-28deaa460da0,skill/competence,transversal,trabalhar bem em equipa,released,,Trabalhar com confiança no seio de um grupo onde cada membro desempenha o seu papel ao serviço de todos.,http://data.europa.eu/esco/skill/036afa6e-cdde-4b38-a53a-8e7910a840e1,colaborar em equipas e redes
KnowledgeSkillCompetence,http://data.europa.eu/esco/skill/669b75d8-671c-4a1c-8e0b-6466c513c27d,skill/competence,transversal,mostrar confiança,released,,Demonstrar níveis de maturidade mediante a plena compreensão das suas próprias qualidades e capacidades que podem servir de fonte de confiança em diferentes situações.,http://data.europa.eu/esco/skill/2b2c3254-7f6c-47e2-84f1-aece946fbfae,manter uma atitude positiva
KnowledgeSkillCompetence,http://data.europa.eu/esco/skill/699e7c26-6502-4e78-a823-3656ff5a5b8b,skill/competence,transversal,dar instruções,released,,Orientar ou ensinar terceiros por meio do fornecimento de conhecimentos e apoio.,http://data.europa.eu/esco/skill/82463bb1-85d1-4e99-a4ce-08508fc3b2a3,dar apoio a outras pessoas
KnowledgeSkillCompetence,http://data.europa.eu/esco/skill/6b2f8802-0cbf-436e-a37f-ca55ede41bbc,skill/competence,transversal,utilizar hardware digital,released,,"Utilizar equipamentos (por exemplo, monitor, rato, teclado, dispositivos de memória, impressoras, digitalizadores, etc.) para ligar cabos, ligar, apagar e reiniciar dispositivos, guardar ficheiros e outras operações.
  ",http://data.europa.eu/esco/skill/3399045f-8078-4066-8b46-475b49b260ab,trabalhar com dispositivos e aplicações digitais
KnowledgeSkillCompetence,http://data.europa.eu/esco/skill/6b305973-8993-475f-bd8a-daf037c61401,skill/competence,transversal,"organizar informação, objetos e recursos",released,,"Compreender as funções a desempenhar e os processos que as acompanham. Organizar a informação, os objetos e os recursos usando métodos sistemáticos e segundo determinadas normas, e assegurar o desempenho correto da função.
  ",http://data.europa.eu/esco/skill/66fdc34c-2326-4baa-b8ff-7a1d1015fe3a,planear e organizar
KnowledgeSkillCompetence,http://data.europa.eu/esco/skill/6fc6f757-6baa-49fe-9a82-6ba6a52f2e13,skill/competence,transversal,interpretar informação matemática,released,,"Demonstrar compreensão dos termos e conceitos matemáticos e aplicar princípios e processos matemáticos básicos para interpretar dados e factos.
  ",http://data.europa.eu/esco/skill/edc72cfe-78a8-4531-b00f-92992a0bb8cb,trabalhar com números e medidas
KnowledgeSkillCompetence,http://data.europa.eu/esco/skill/72d1fa5d-1b7f-48e7-84e3-6e779841ddf1,skill/competence,transversal,demonstrar lealdade,released,,"Demonstrar lealdade com um grupo ou organização, nomeadamente através da partilha e da representação dos seus valores.
  ",http://data.europa.eu/esco/skill/925af2b5-2f4d-4cce-92cc-79e1ff887c7d,respeitar o código deontológico
KnowledgeSkillCompetence,http://data.europa.eu/esco/skill/75d8e5d9-bef3-418b-9011-01bff9f27207,skill/competence,transversal,assumir papel de liderança,released,,"Orientar, treinar e dirigir os outros para a realização de objetivos comuns, assumindo frequentemente um papel de liderança num grupo ou equipa. Desempenhar, atuar e comportar-se de forma a inspirar os colaboradores a seguir o exemplo dado pelos seus chefes.
  ",http://data.europa.eu/esco/skill/fe5eabaa-63f6-4c44-b405-fc3ded8d56cb,liderar outras pessoas
KnowledgeSkillCompetence,http://data.europa.eu/esco/skill/77b636e8-fab3-41a8-8022-1e0a354059dc,skill/competence,transversal,revelar empatia,released,,Revelar empatia para evitar qualquer tipo de violência simbólica e isolamento e para garantir a devida atenção a todos. Essa empatia deve incluir a capacidade para compreender várias comunicações verbais e não verbais de sentimentos e emoções.,http://data.europa.eu/esco/skill/82463bb1-85d1-4e99-a4ce-08508fc3b2a3,dar apoio a outras pessoas
KnowledgeSkillCompetence,http://data.europa.eu/esco/skill/7954861c-86d4-4529-afbb-2c23dab9ac74,skill/competence,transversal,negociar compromissos,released,,"Comunicar com outros com a intenção de chegar a um entendimento comum ou resolver uma divergência, sem perder de vista as nossas intenções ou objetivos ou os das outras partes.",http://data.europa.eu/esco/skill/6f142deb-03a9-4cd7-94ce-e0f023ae2169,comunicar
KnowledgeSkillCompetence,http://data.europa.eu/esco/skill/7a147904-22b3-498a-b4d9-7bceeb86b45d,skill/competence,transversal,fazer face a situações de stress,released,,"Lidar com desafios, problemas e mudanças e recuperar de contratempos e adversidades.
  ",http://data.europa.eu/esco/skill/2b2c3254-7f6c-47e2-84f1-aece946fbfae,manter uma atitude positiva
KnowledgeSkillCompetence,http://data.europa.eu/esco/skill/7a93e22f-54d8-4bf0-9213-d711f6601b49,skill/competence,transversal,trabalhar eficazmente,released,,"Atingir objetivos utilizando o mínimo de tempo, esforço ou custo.",http://data.europa.eu/esco/skill/14c41899-0224-4cbc-bd8c-e946ada2da87,trabalhar eficazmente
KnowledgeSkillCompetence,http://data.europa.eu/esco/skill/7d9bace0-63d0-4848-ac87-350a98082c12,skill/competence,transversal,participar ativamente na vida cívica,released,,"Participar ativamente em atividades de interesse comum ou público, tais como iniciativas cívicas, comunitárias ou de vizinhança, oportunidades de voluntariado e organizações não governamentais.
  ",http://data.europa.eu/esco/skill/d6e97b91-b75d-45f5-8566-667798957b0f,aplicar aptidões e competências cívicas
KnowledgeSkillCompetence,http://data.europa.eu/esco/skill/7dd94ad3-13d6-43fe-8b94-51fcbf67ced9,skill/competence,transversal,pensar com espírito crítico,released,,"Formular e defender juízos com base em elementos de prova internos e em critérios externos. Avaliar num espírito crítico a credibilidade e a fiabilidade das informações antes de as utilizar ou de as transmitir a terceiros. Desenvolver um pensamento independente e crítico.
  ",http://data.europa.eu/esco/skill/fff1d675-c36a-4c12-9cd4-407f21ccd06a,"processar informações, ideias e conceitos"
KnowledgeSkillCompetence,http://data.europa.eu/esco/skill/7f321b88-3d16-4e30-8163-5494ca8ce978,skill/competence,transversal,aliciar outras pessoas para comportamentos respeitadores do ambiente,released,,"Difundir informações e promover comportamentos respeitadores do ambiente nas redes sociais e no trabalho.
  ",http://data.europa.eu/esco/skill/80cf002a-6586-4db7-9c9a-88325a9a5e1b,aplicar aptidões e competências relacionadas com o ambiente
KnowledgeSkillCompetence,http://data.europa.eu/esco/skill/83e6510b-ffeb-4aec-959c-4265fd0ff7b7,skill/competence,transversal,dar atenção ao pormenor,released,,"Desempenhar uma tarefa tendo em consideração todas as áreas envolvidas, independentemente da sua dimensão.",http://data.europa.eu/esco/skill/14c41899-0224-4cbc-bd8c-e946ada2da87,trabalhar eficazmente
KnowledgeSkillCompetence,http://data.europa.eu/esco/skill/88b0c49e-7c2e-4ccc-aca3-fbd4bbc2081c,skill/competence,transversal,utilizar o sistema de saúde com conhecimento de causa,released,,"Identificar e selecionar os adequados serviços ou agências de prevenção e tratamento que ofereçam cuidados de saúde e gerir os medicamentos com segurança.
  ",http://data.europa.eu/esco/skill/3d54fec5-d9cb-45a0-bf8d-ffaf3790a5bb,aplicar aptidões e competências relacionadas com a saúde
KnowledgeSkillCompetence,http://data.europa.eu/esco/skill/896a5e0c-7ac9-4e59-a9bf-17fdca6b1c37,skill/competence,transversal,promover os princípios da democracia e do Estado de direito,released,,"Desempenhar um papel ativo na promoção dos princípios da democracia, da justiça social e do Estado de direito. Confrontar situações de discriminação com base na identidade ou na orientação étnica, cultural ou sexual, bem como nos antecedentes sociais, educativos ou económicos, avaliando e expressando as implicações para os diferentes grupos de qualquer ação planeada, incluindo legislação, políticas ou programas.
  ",http://data.europa.eu/esco/skill/d6e97b91-b75d-45f5-8566-667798957b0f,aplicar aptidões e competências cívicas
KnowledgeSkillCompetence,http://data.europa.eu/esco/skill/93350886-a21b-4e61-a1b1-319a325c0f90,skill/competence,transversal,expressar-se de forma criativa,released,,"Ser capaz de utilizar o canto, a dança, a música instrumental, a representação ou as artes para se expressar de forma criativa.
  ",http://data.europa.eu/esco/skill/6115ff80-3d84-4e87-8e2b-6ede7ee004b4,aplicar aptidões e competências culturais
KnowledgeSkillCompetence,http://data.europa.eu/esco/skill/96de2e86-e287-41f2-88ab-15a2343afc6f,skill/competence,transversal,resolver conflitos,released,,"Mediar conflitos e situações tensas, intervindo entre as partes, procurando chegar a acordo, reconciliar e resolver problemas. Resolver um conflito de modo a que nenhuma das vítimas se sinta prejudicada e evitar argumentos antecipadamente.
  ",http://data.europa.eu/esco/skill/6f142deb-03a9-4cd7-94ce-e0f023ae2169,comunicar
KnowledgeSkillCompetence,http://data.europa.eu/esco/skill/98a999db-72d5-4657-a0b0-2f850afd4368,skill/competence,transversal,valorizar a diversidade da expressão cultural e artística,released,,"Demonstrar sensibilidade estética, interesse e abertura face a expressões artísticas de diferentes contextos culturais.
  ",http://data.europa.eu/esco/skill/6115ff80-3d84-4e87-8e2b-6ede7ee004b4,aplicar aptidões e competências culturais
KnowledgeSkillCompetence,http://data.europa.eu/esco/skill/9bf266a6-188b-4d17-a22f-2f266d76832b,skill/competence,transversal,demonstrar disponibilidade para aprender,released,l,Mostrar uma atitude positiva em face de novas e desafiadoras exigências que só podem ser satisfeitas através da aprendizagem ao longo da vida.,http://data.europa.eu/esco/skill/f5c9eef3-0495-4747-9519-d71a58d252bd,demonstrar disponibilidade para aprender
KnowledgeSkillCompetence,http://data.europa.eu/esco/skill/9c0f93f7-2592-4d4d-9673-fd640502345f,skill/competence,transversal,"utilizar equipamento, ferramentas ou tecnologias com precisão",released,,"Utilizar, de forma autónoma, peças, ferramentas, instrumentos ou equipamentos de precisão para realizar atividades manuais, com ou sem formação mínima.
  ",http://data.europa.eu/esco/skill/ccb6db6a-8538-431c-b740-5f241bdb71cf,manusear e controlar objetos e equipamentos
KnowledgeSkillCompetence,http://data.europa.eu/esco/skill/9cfd2219-553c-4d67-81e5-951e87c65135,skill/competence,transversal,manter a concentração durante longos períodos,released,,Permanecer concentrado durante um longo período de tempo a fim de fazer juízos corretos e tomar decisões adequadas.,http://data.europa.eu/esco/skill/14c41899-0224-4cbc-bd8c-e946ada2da87,trabalhar eficazmente
KnowledgeSkillCompetence,http://data.europa.eu/esco/skill/a628d2d1-f40a-4c37-a357-2801726f2996,skill/competence,transversal,identificar problemas,released,,"Identificar e detetar problemas e decidir qual a melhor via a seguir. Comunicar os problemas em conformidade, sempre que necessário.
  ",http://data.europa.eu/esco/skill/13d301d0-98cb-414f-a8f9-a3f059228133,solucionar problemas
KnowledgeSkillCompetence,http://data.europa.eu/esco/skill/a68bdf1e-b325-4880-b456-192c2891931a,skill/competence,transversal,manter uma boa forma física,released,,"Adotar e seguir comportamentos preventivos saudáveis, incluindo exercício físico regular, uma rotina de sono saudável e uma dieta saudável.
  ",http://data.europa.eu/esco/skill/3d54fec5-d9cb-45a0-bf8d-ffaf3790a5bb,aplicar aptidões e competências relacionadas com a saúde
KnowledgeSkillCompetence,http://data.europa.eu/esco/skill/adc6dc11-3376-467b-96c5-9b0a21edc869,skill/competence,transversal,resolver problemas,released,,"Encontrar soluções para problemas práticos, operacionais ou conceptuais numa vasta gama de contextos.
  ",http://data.europa.eu/esco/skill/13d301d0-98cb-414f-a8f9-a3f059228133,solucionar problemas
KnowledgeSkillCompetence,http://data.europa.eu/esco/skill/b00e948c-19be-4951-8cff-60f88f1046e9,skill/competence,transversal,delegar responsabilidades,released,,"Delegar responsabilidades, atividades e tarefas a terceiros, de acordo com as suas capacidades, competências e nível de preparação. Assegurar que as pessoas compreendem o que devem fazer e quando devem fazê-lo.
  ",http://data.europa.eu/esco/skill/fe5eabaa-63f6-4c44-b405-fc3ded8d56cb,liderar outras pessoas
KnowledgeSkillCompetence,http://data.europa.eu/esco/skill/b080a008-a35d-4bd0-92e9-edf3773bb2b7,skill/competence,transversal,utilizar software de comunicação e colaboração,released,,"Utilizar ferramentas e tecnologias digitais simples para comunicar, interagir e colaborar com outras pessoas.
  ",http://data.europa.eu/esco/skill/3399045f-8078-4066-8b46-475b49b260ab,trabalhar com dispositivos e aplicações digitais
KnowledgeSkillCompetence,http://data.europa.eu/esco/skill/b19e0820-a96f-4c0a-a724-3c056180c1b3,skill/competence,transversal,fomentar espírito de equipa,released,,"Estabelecer uma relação de confiança mútua, respeito e cooperação entre os membros da mesma equipa.
  ",http://data.europa.eu/esco/skill/fe5eabaa-63f6-4c44-b405-fc3ded8d56cb,liderar outras pessoas
KnowledgeSkillCompetence,http://data.europa.eu/esco/skill/b40584aa-7c63-4eed-9422-a9798fb95fdc,skill/competence,transversal,improvisar,released,,"Ser capaz de improvisar e reagir de imediato sem planeamento prévio a situações anteriormente desconhecidas.
  ",http://data.europa.eu/esco/skill/e84d080a-ff6d-41a7-b7b9-133e97c7bf00,pensar de forma criativa e inovadora
KnowledgeSkillCompetence,http://data.europa.eu/esco/skill/b618584f-6bdf-4d8f-89a7-f28c2c95afc2,skill/competence,transversal,cumprir a regulamentação,released,,"Cumprir e respeitar as regras, regulamentos e orientações num domínio ou setor específico e aplicá-las no trabalho quotidiano.
  ",http://data.europa.eu/esco/skill/925af2b5-2f4d-4cce-92cc-79e1ff887c7d,respeitar o código deontológico
KnowledgeSkillCompetence,http://data.europa.eu/esco/skill/b6bdf202-524f-475d-b813-2aa9af005c37,skill/competence,transversal,movimentar objetos,released,,"Realizar atividades físicas para movimentar, carregar, descarregar ou armazenar objetos ou para subir a estruturas, manualmente ou com a ajuda de equipamento.
  ",http://data.europa.eu/esco/skill/ccb6db6a-8538-431c-b740-5f241bdb71cf,manusear e controlar objetos e equipamentos
KnowledgeSkillCompetence,http://data.europa.eu/esco/skill/ba93b71b-c433-4a01-8246-ed2daa85a9a2,skill/competence,transversal,realizar pesquisas na Internet,released,,"Pesquisar dados, informações e conteúdos através de pesquisas simples em ambientes digitais.
  ",http://data.europa.eu/esco/skill/3399045f-8078-4066-8b46-475b49b260ab,trabalhar com dispositivos e aplicações digitais
KnowledgeSkillCompetence,http://data.europa.eu/esco/skill/bc0b0b5d-f6be-405a-b224-b6902a4dbe97,skill/competence,cross-sector,gerir identidades digitais,released,,"Criar e gerir uma ou várias identidades digitais, ser capaz de proteger a sua própria reputação, tratar os dados produzidos em várias ferramentas, ambientes e serviços digitais.",http://data.europa.eu/esco/skill/574257ea-7b64-4100-b7b6-e27c233fe143 | http://data.europa.eu/esco/skill/3399045f-8078-4066-8b46-475b49b260ab,comunicação e colaboração digitais | trabalhar com dispositivos e aplicações digitais
KnowledgeSkillCompetence,http://data.europa.eu/esco/skill/bcf002ce-90f8-42e5-ac1b-5dba208639b0,skill/competence,transversal,demonstrar fiabilidade,released,,"Demonstrar honestidade, integridade e credibilidade no local de trabalho. Dar provas de lealdade para com a sua equipa e organização e provar a sua idoneidade.
  ",http://data.europa.eu/esco/skill/925af2b5-2f4d-4cce-92cc-79e1ff887c7d,respeitar o código deontológico
KnowledgeSkillCompetence,http://data.europa.eu/esco/skill/bdcf429c-5ccf-4c3d-bb61-4c987573a35e,skill/competence,transversal,dar provas de espírito empreendedor,released,,"Criar, organizar e gerir uma empresa própria, identificando e perseguindo oportunidades e mobilizando recursos, numa perspetiva de rentabilidade. Demonstrar uma atitude proativa e determinação para ter sucesso nos negócios.
  ",http://data.europa.eu/esco/skill/6c6957bf-cf1f-4483-9c7e-1655f251b01a,aplicar aptidões e competências empresariais e financeiras
KnowledgeSkillCompetence,http://data.europa.eu/esco/skill/be6ab363-3de1-427f-a8ef-85d5b0250822,skill/competence,transversal,transmitir informações oralmente,released,,Transmitir informações ou relatar eventos oralmente.,http://data.europa.eu/esco/skill/6f142deb-03a9-4cd7-94ce-e0f023ae2169,comunicar
KnowledgeSkillCompetence,http://data.europa.eu/esco/skill/bf4d884f-c848-402a-b130-69c266b04164,skill/competence,transversal,aplicar competências básicas de programação,released,,"Enumerar instruções simples para um sistema informático resolver problemas ou executar tarefas a um nível básico, se necessário com ajuda.
  ",http://data.europa.eu/esco/skill/3399045f-8078-4066-8b46-475b49b260ab,trabalhar com dispositivos e aplicações digitais
KnowledgeSkillCompetence,http://data.europa.eu/esco/skill/bf983f2a-e941-4646-811d-cc81060cb53f,skill/competence,transversal,construir redes de contactos,released,,"Demonstrar capacidade para estabelecer relações eficazes, gerar e manter alianças, contactos ou parcerias e trocar informações com outros.
  ",http://data.europa.eu/esco/skill/036afa6e-cdde-4b38-a53a-8e7910a840e1,colaborar em equipas e redes
KnowledgeSkillCompetence,http://data.europa.eu/esco/skill/c10d5d87-36cf-42f5-8a12-e560fb5f4af8,skill/competence,transversal,demonstrar competências interculturais,released,,Compreender e respeitar as pessoas que são consideradas como tendo diferentes afinidades culturais e de lhes dar uma resposta eficaz e respeitosa.,http://data.europa.eu/esco/skill/036afa6e-cdde-4b38-a53a-8e7910a840e1,colaborar em equipas e redes
KnowledgeSkillCompetence,http://data.europa.eu/esco/skill/c29aa9d2-4da8-4bdd-831c-8d4a2fb51730,skill/competence,transversal,trabalhar de forma independente,released,,"Desenvolver a sua própria forma de fazer as coisas, automotivar-se com pouca ou nenhuma supervisão, dependendo apenas do próprio para a sua realização.",http://data.europa.eu/esco/skill/14c41899-0224-4cbc-bd8c-e946ada2da87,trabalhar eficazmente
KnowledgeSkillCompetence,http://data.europa.eu/esco/skill/c2a0c52c-0b4b-4180-a918-92650ea3b458,skill/competence,transversal,pensar de forma inovadora,released,,"Desenvolver ideias ou conclusões que conduzam à geração e à implementação de inovações ou mudanças.
  ",http://data.europa.eu/esco/skill/e84d080a-ff6d-41a7-b7b9-133e97c7bf00,pensar de forma criativa e inovadora
KnowledgeSkillCompetence,http://data.europa.eu/esco/skill/c4180af3-befd-4bd8-9a65-6a496f9d9f15,skill/competence,transversal,demonstrar consciência dos riscos para a saúde,released,,"Ser capaz de avaliar e gerir os riscos para a saúde pessoal, por exemplo seguindo precauções de segurança nas práticas de trabalho, aplicando medidas de proteção contra incêndios, aplicando princípios de ergonomia e tendo em conta os efeitos da droga e do álcool nos indivíduos, nas famílias e nas comunidades.
  ",http://data.europa.eu/esco/skill/3d54fec5-d9cb-45a0-bf8d-ffaf3790a5bb,aplicar aptidões e competências relacionadas com a saúde
KnowledgeSkillCompetence,http://data.europa.eu/esco/skill/c624c6a3-b0ba-4a31-a296-0d433fe47e41,skill/competence,transversal,pensar de forma criativa,released,,Gerar novas ideias ou combinar as existentes para desenvolver soluções novas e inovadoras.,http://data.europa.eu/esco/skill/e84d080a-ff6d-41a7-b7b9-133e97c7bf00,pensar de forma criativa e inovadora
KnowledgeSkillCompetence,http://data.europa.eu/esco/skill/d56e2c2f-3e01-4b76-a7bb-ecb6d430172f,skill/competence,transversal,pensar de forma holística,released,,"Ter em conta as consequências indiretas e a longo prazo aquando do planeamento e da tomada de decisões. Considerar os efeitos noutras pessoas, nos processos e no ambiente e incluí-los no planeamento.
  ",http://data.europa.eu/esco/skill/fff1d675-c36a-4c12-9cd4-407f21ccd06a,"processar informações, ideias e conceitos"
KnowledgeSkillCompetence,http://data.europa.eu/esco/skill/d62d2b4c-a6f8-439e-8a1b-4f29ab5f2c47,skill/competence,transversal,tomar decisões,released,,Escolher entre várias possibilidades alternativas.,http://data.europa.eu/esco/skill/91860993-1a8b-4473-91f3-600aa1924bd0,adotar uma abordagem proativa
KnowledgeSkillCompetence,http://data.europa.eu/esco/skill/d822b4b2-26c7-4bd9-970d-229c6504f615,skill/competence,transversal,criar conteúdos digitais,released,,"Criar e editar conteúdos digitais simples, se necessário com ajuda.
  ",http://data.europa.eu/esco/skill/3399045f-8078-4066-8b46-475b49b260ab,trabalhar com dispositivos e aplicações digitais
KnowledgeSkillCompetence,http://data.europa.eu/esco/skill/d9013e0e-e937-43d5-ab71-0e917ee882b8,skill/competence,transversal,fazer gestão do tempo,released,,"Planear a sequência temporal de eventos, programas e atividades, bem como o trabalho de terceiros.",http://data.europa.eu/esco/skill/14c41899-0224-4cbc-bd8c-e946ada2da87,trabalhar eficazmente
KnowledgeSkillCompetence,http://data.europa.eu/esco/skill/d9449998-c1f5-478c-a103-2255398cf0b6,skill/competence,transversal,aplicar normas de higiene,released,,"Assumir a responsabilidade pessoal de garantir um ambiente de trabalho e de vida seguro e livre de infeções, designadamente mediante a utilização de máscaras, desinfetantes e medidas gerais de higiene pessoal.
  ",http://data.europa.eu/esco/skill/3d54fec5-d9cb-45a0-bf8d-ffaf3790a5bb,aplicar aptidões e competências relacionadas com a saúde
KnowledgeSkillCompetence,http://data.europa.eu/esco/skill/db33c0f3-43ee-4ba3-ba47-9269ac837697,skill/competence,transversal,avaliar de forma crítica a informação e as suas fontes,released,,"Ser capaz de avaliar e analisar a informação e as suas fontes. Demonstrar capacidade para aceder e compreender de forma crítica os meios de comunicação tradicionais e os novos meios de comunicação social, bem como o seu papel e função nas sociedades democráticas.
  ",http://data.europa.eu/esco/skill/d6e97b91-b75d-45f5-8566-667798957b0f,aplicar aptidões e competências cívicas
KnowledgeSkillCompetence,http://data.europa.eu/esco/skill/dcc99418-d896-4b3b-8596-658093a17a8f,skill/competence,transversal,gerir doenças crónicas,released,,"Identificar e utilizar formas de minimizar os efeitos negativos de doenças crónicas para a saúde, incluindo a utilização de aparelhos de auxílio à visão, audição e marcha, os medicamentos corretos e apoio social e médico adequado.
  ",http://data.europa.eu/esco/skill/3d54fec5-d9cb-45a0-bf8d-ffaf3790a5bb,aplicar aptidões e competências relacionadas com a saúde
KnowledgeSkillCompetence,http://data.europa.eu/esco/skill/deb3c1bc-d48a-42e6-b0cc-cb238534ec28,skill/competence,transversal,aplicar conhecimentos das ciências sociais e humanas,released,,"Demonstrar uma compreensão da natureza, do pluralismo e da função de grupos sociais e políticos, bem como da sua relação com a dimensão socioeconómica da sociedade. Compreender o papel e o lugar dos indivíduos na sociedade.
  ",http://data.europa.eu/esco/skill/44ff6716-7d71-4a16-821b-61d10e9e290d,aplicar conhecimentos gerais
KnowledgeSkillCompetence,http://data.europa.eu/esco/skill/df5e3d02-9f0f-44ee-91c2-85c62f161868,skill/competence,transversal,"promover ideias, produtos ou serviços",released,,"Apresentar e publicitar produtos, programas e serviços com o objetivo de persuadir e influenciar outros.
  ",http://data.europa.eu/esco/skill/6f142deb-03a9-4cd7-94ce-e0f023ae2169,comunicar
KnowledgeSkillCompetence,http://data.europa.eu/esco/skill/e2d44a9b-f28c-489e-9861-b654b5ded507,skill/competence,transversal,motivar outras pessoas,released,,"Influenciar o comportamento de outras pessoas, indicando-lhes motivos convincentes para que tomem iniciativas.",http://data.europa.eu/esco/skill/fe5eabaa-63f6-4c44-b405-fc3ded8d56cb,liderar outras pessoas
KnowledgeSkillCompetence,http://data.europa.eu/esco/skill/e37d64dc-0f05-4ee8-b065-bf76f70d8f5c,skill/competence,transversal,respeitar obrigações de confidencialidade,released,,"Dar provas da discrição e da contenção necessárias no tratamento de informações confidenciais, secretas ou desagradáveis.
  ",http://data.europa.eu/esco/skill/925af2b5-2f4d-4cce-92cc-79e1ff887c7d,respeitar o código deontológico
KnowledgeSkillCompetence,http://data.europa.eu/esco/skill/e49f4158-9d4c-425d-bf32-dfe89b19840a,skill/competence,transversal,planear,released,,"Gerir a sua agenda e recursos para concluir tarefas em tempo útil.
  ",http://data.europa.eu/esco/skill/66fdc34c-2326-4baa-b8ff-7a1d1015fe3a,planear e organizar
KnowledgeSkillCompetence,http://data.europa.eu/esco/skill/ef7562b2-f176-4d7c-a0b2-27ae8cce0b7d,skill/competence,transversal,reagir a alterações ou perigos físicos,released,,"Reagir e responder rapidamente e de forma adequada a circunstâncias e estímulos externos ou internos.
  ",http://data.europa.eu/esco/skill/e52389a2-1a05-45b0-8db3-4bda0f0c0b48,responder a circunstâncias físicas
KnowledgeSkillCompetence,http://data.europa.eu/esco/skill/f4346299-e22a-4686-8e61-2c9b0cd51c7d,skill/competence,transversal,aplicar medidas de segurança digital,released,,"Aplicar formas simples de proteger dispositivos e conteúdos digitais.
  ",http://data.europa.eu/esco/skill/3399045f-8078-4066-8b46-475b49b260ab,trabalhar com dispositivos e aplicações digitais
KnowledgeSkillCompetence,http://data.europa.eu/esco/skill/f4bcdb75-df28-441d-a52b-9730904f36a1,skill/competence,transversal,exercer direitos e responsabilidades,released,,"Conhecer e fazer uso dos direitos constitucionais e jurídicos, incluindo o dever de respeitar a lei, pagar impostos e prestar assistência, bem como o direito de voto, de ser eleito ou de ter um advogado de defesa presente em tribunal.
  ",http://data.europa.eu/esco/skill/d6e97b91-b75d-45f5-8566-667798957b0f,aplicar aptidões e competências cívicas
KnowledgeSkillCompetence,http://data.europa.eu/esco/skill/fa46a48d-9cb9-422d-afab-1047654dbcdd,skill/competence,transversal,memorizar informações,released,memorizar procedimentos | memorizar factos | decorar informações,"Armazenar informações como palavras, números, imagens e procedimentos para posterior utilização.",http://data.europa.eu/esco/skill/fff1d675-c36a-4c12-9cd4-407f21ccd06a,"processar informações, ideias e conceitos"
KnowledgeSkillCompetence,http://data.europa.eu/esco/skill/fd89f784-88dc-4d35-abd7-86aa073cab12,skill/competence,transversal,manter abertura de espírito,released,,"Ter interesse nos problemas dos outros, mantendo um espírito aberto.
  ",http://data.europa.eu/esco/skill/f5c9eef3-0495-4747-9519-d71a58d252bd,demonstrar disponibilidade para aprender
